{
	"model": "common/assets/scenes/pbrt/veach-bidir-2/scene.pbrt",
	"resolution": [
		1280,
		720
	],
	"scene": {
		"camera": {
			"mData": {
				"aspectRatio": 1.7777777910232544,
				"focalDistance": 10.0,
				"focalLength": 21.0,
				"lensRadius": 0.0,
				"pos": [
					4.677629470825195,
					3.5637989044189453,
					-0.5813990831375122
				],
				"target": [
					-1.6019999980926514,
					3.500999927520752,
					-0.5550000071525574
				],
				"up": [
					0.0,
					1.0,
					0.0
				]
			}
		},
		"cameraController": {
			"mData": {
				"pitch": -0.009999999776482582,
				"radius": 6.2799973487854,
				"target": [
					-1.6019999980926514,
					3.500999927520752,
					-0.5550000071525574
				],
				"yaw": 1.5750000476837158
			}
		}
	}
}